-- phpMyAdmin SQL Dump
-- version 5.0.1
-- https://www.phpmyadmin.net/
--
-- Хост: 127.0.0.1
-- Время создания: Июл 05 2020 г., 15:10
-- Версия сервера: 10.4.11-MariaDB
-- Версия PHP: 7.4.3

SET SQL_MODE = "NO_AUTO_VALUE_ON_ZERO";
SET AUTOCOMMIT = 0;
START TRANSACTION;
SET time_zone = "+00:00";


/*!40101 SET @OLD_CHARACTER_SET_CLIENT=@@CHARACTER_SET_CLIENT */;
/*!40101 SET @OLD_CHARACTER_SET_RESULTS=@@CHARACTER_SET_RESULTS */;
/*!40101 SET @OLD_COLLATION_CONNECTION=@@COLLATION_CONNECTION */;
/*!40101 SET NAMES utf8mb4 */;

--
-- База данных: `shepotsim`
--

-- --------------------------------------------------------

--
-- Структура таблицы `checkpoints`
--

CREATE TABLE `checkpoints` (
  `CheckPointId` int(11) NOT NULL,
  `CheckPointName` varchar(30) NOT NULL,
  `Description` varchar(100) NOT NULL,
  `Channel` varchar(50) NOT NULL,
  `InterceptionPlace` varchar(100) NOT NULL,
  `SpeechLevel` int(70) NOT NULL,
  `R` double NOT NULL,
  `W` double NOT NULL,
  `SZY` tinyint(1) NOT NULL,
  `ElapsedTime` varchar(50) NOT NULL,
  `DateOfCreate` varchar(50) NOT NULL,
  `PovData1` tinyint(1) NOT NULL,
  `PovData2` tinyint(1) NOT NULL,
  `UserID` int(11) NOT NULL
) ENGINE=InnoDB DEFAULT CHARSET=utf8mb4;

--
-- Дамп данных таблицы `checkpoints`
--

INSERT INTO `checkpoints` (`CheckPointId`, `CheckPointName`, `Description`, `Channel`, `InterceptionPlace`, `SpeechLevel`, `R`, `W`, `SZY`, `ElapsedTime`, `DateOfCreate`, `PovData1`, `PovData2`, `UserID`) VALUES
(1, 'Дверь кабинета', 'fefs', 'акустический', 'Смежные помещения', 70, 0.31160000000000004, 0.94, 0, '00:00:00.0', '24 апреля 2020 г.', 0, 0, 1),
(11, 'Бетонная стена', 'вцвцфв', 'акустический', 'Смежные помещения', 84, 0.37070000000000003, 0.9607, 0, '00:00:00.0', '', 0, 0, 1),
(14, 'Вентиляция1', 'Вентиляция помещения', 'акустический', 'Смежные помещения', 84, 0.0015, 0.0046, 0, '00:00:00.0', '24 апреля 2020 г.', 0, 0, 1),
(22, 'Окно', '321321ddddddddddddddddddddddddddddddddddddddddddddddddddddddddddddddddddddddddd', 'виброакустический', 'Смежные помещения', 84, 0.8629000000000001, 0.9973, 0, '00:00:00.0', '24 апреля 2020 г.', 0, 0, 1),
(29, 'Перегородка1', 'вцфвфц', 'акустический', 'Смежные помещения', 84, 0, 0, 0, '00:02:53.4', '24 апреля 2020 г.', 0, 0, 1),
(34, 'Перегородка2', '', 'акустический', 'Смежные помещения', 70, 0, 0, 0, '00:00:05.1', '24 апреля 2020 г.', 0, 0, 1),
(37, 'Окно2', '', 'акустический', 'Смежные помещения', 70, 0, 0, 0, '00:00:09.6', '5 мая 2020 г.', 0, 0, 1),
(38, 'Дверь2', '', 'акустический', 'Смежные помещения', 70, 0, 0, 0, '00:00:04.3', '5 мая 2020 г.', 0, 0, 1),
(39, 'Вентиляция2', '', 'акустический', 'Смежные помещения', 70, 0, 0, 0, '00:00:34.7', '5 мая 2020 г.', 0, 0, 1),
(40, 'Бетонная стена 2', '', 'акустический', 'Смежные помещения', 70, 0, 0, 0, '00:07:18.0', '5 мая 2020 г.', 1, 1, 1),
(41, 'ДСП1', '', 'акустический', 'Смежные помещения', 84, 0.045599999999999995, 0.2807, 1, '00:03:54.9', '7 мая 2020 г.', 0, 0, 1),
(43, 'ДСП2 ЛР3', '', 'акустический', 'Смежные помещения', 70, 0, 0, 0, '00:00:04.2', '30 мая 2020 г.', 0, 0, 1),
(44, 'Дверь3 ЛР2', '', 'акустический', 'Смежные помещения', 70, 0, 0, 0, '00:00:03.2', '31 мая 2020 г.', 0, 0, 1),
(45, 'Стена ЛР1', '', 'акустический', 'Смежные помещения', 70, 0, 0, 0, '00:00:03.6', '31 мая 2020 г.', 0, 0, 1),
(46, 'Окно ЛР4', '', 'акустический', 'Смежные помещения', 70, 0, 0, 0, '00:00:06.1', '31 мая 2020 г.', 0, 0, 2),
(47, 'Вентиляция1 ЛР2', 'Пример123', 'акустический', 'Смежные помещения', 84, 0.40059999999999996, 0.968, 1, '03:56:54.3', '1 июня 2020 г.', 1, 0, 1),
(50, '32323', '', 'акустический', 'Смежные помещения', 84, 0.0021000000000000003, 0.0072, 1, '00:07:15.7', '24 июня 2020 г.', 0, 0, 1),
(51, '123', '', 'акустический', 'Улица без транспорта', 70, 0.047400000000000005, 0.2922, 0, '00:02:21.8', '29 июня 2020 г.', 0, 0, 1),
(52, '3232', '', 'акустический', 'Смежные помещения', 70, 0, 0, 0, '00:00:08.2', '30 мая 2020 г.', 0, 0, 1),
(53, 'Дверь', '', 'акустический', 'Смежные помещения', 70, 0, 0, 0, '00:00:12.4', '31 мая 2020 г.', 0, 0, 2),
(55, 'пример1', '321321', 'акустический', 'Смежные помещения', 84, 0.0592, 0.3637, 1, '00:07:23.0', '31 мая 2020 г.', 0, 0, 2),
(56, 'пример2', '432432уа', 'акустический', 'Улица без транспорта', 84, 0.057499999999999996, 0.3541, 1, '00:02:07.9', '31 мая 2020 г.', 0, 0, 2),
(57, '3132', '', 'акустический', 'Смежные помещения', 70, 0, 0, 0, '00:00:04.2', '1 июля 2020 г.', 0, 0, 2),
(58, '3213', '', 'акустический', 'Смежные помещения', 70, 0, 0, 0, '00:00:02.3', '1 июля 2020 г.', 0, 0, 2),
(59, '323123123', '', 'акустический', 'Смежные помещения', 70, 0, 0, 0, '00:00:02.6', '1 июля 2020 г.', 0, 0, 2),
(60, '323232323', '', 'акустический', 'Смежные помещения', 70, 0, 0, 0, '00:00:03.1', '1 июля 2020 г.', 0, 0, 2),
(61, 'dsd', '', 'акустический', 'Смежные помещения', 70, 0, 0, 0, '00:00:05.0', '1 июля 2020 г.', 0, 0, 2),
(62, '1212', '', 'акустический', 'Смежные помещения', 70, 0, 0, 0, '00:00:03.3', '1 июля 2020 г.', 0, 0, 2),
(63, '111', '', 'акустический', 'Смежные помещения', 70, 0, 0, 0, '00:00:05.4', '1 июля 2020 г.', 0, 0, 2),
(64, '112', '', 'акустический', 'Смежные помещения', 70, 0, 0, 0, '00:00:02.8', '1 июля 2020 г.', 0, 0, 2),
(65, 'КТ пример', '3213211', 'акустический', 'Смежные помещения', 70, 0, 0, 0, '00:00:12.6', '1 июля 2020 г.', 0, 0, 3),
(66, 'test1', '4343', 'акустический', 'Смежные помещения', 70, 0, 0, 0, '00:00:08.6', '1 июля 2020 г.', 0, 0, 4),
(67, 'test2', 'r3r3', 'акустический', 'Смежные помещения', 70, 0, 0, 0, '00:00:04.9', '1 июля 2020 г.', 0, 0, 4),
(68, 'ЛР1 пример', '434234', 'виброакустический', 'Улица без транспорта', 84, 0.058699999999999995, 0.3607, 1, '00:04:23.9', '2 июля 2020 г.', 0, 0, 2),
(69, 'ЛР2 пример', 'ууауау', 'виброакустический', 'Улица без транспорта', 84, 0.0576, 0.3531, 1, '00:06:17.7', '2 июля 2020 г.', 0, 0, 1),
(70, 'ЛР3 пример', '432432', 'виброакустический', 'Улица без транспорта', 84, 0.0617, 0.3784, 1, '00:03:22.6', '2 июля 2020 г.', 0, 0, 2),
(71, 'Пример123', '43243424342', 'виброакустический', 'Улица без транспорта', 84, 0.0579, 0.3563, 1, '00:02:22.7', '2 июля 2020 г.', 0, 0, 2);

-- --------------------------------------------------------

--
-- Структура таблицы `generationfirstcheckpoints`
--

CREATE TABLE `generationfirstcheckpoints` (
  `GenerationFirstCheckPointId` int(11) NOT NULL,
  `GFCheckPointName` varchar(100) NOT NULL
) ENGINE=InnoDB DEFAULT CHARSET=utf8mb4;

--
-- Дамп данных таблицы `generationfirstcheckpoints`
--

INSERT INTO `generationfirstcheckpoints` (`GenerationFirstCheckPointId`, `GFCheckPointName`) VALUES
(1, 'Древесно-стружечная плита'),
(2, 'Гипсобетонная панель 86 мм'),
(3, 'Приточная вентиляция'),
(4, 'Железобетонная панель'),
(5, 'Стандартное дверное полотно толщиной 40 мм'),
(6, 'Двойное окно с силикатными стеклами 108 мм'),
(7, 'Стеклопакет');

-- --------------------------------------------------------

--
-- Структура таблицы `generationfirstmeasurements`
--

CREATE TABLE `generationfirstmeasurements` (
  `GenerationFirstMeasurementId` int(11) NOT NULL,
  `Ltc` double NOT NULL,
  `Lsh` double NOT NULL,
  `Lh` double NOT NULL,
  `Lsaz` double NOT NULL,
  `GenerationFirstCheckPointId` int(11) NOT NULL,
  `f` int(11) NOT NULL,
  `ConstructionThickness` varchar(15) NOT NULL,
  `SpeechLevel` int(11) NOT NULL,
  `SAZ` tinyint(1) NOT NULL
) ENGINE=InnoDB DEFAULT CHARSET=utf8mb4;

--
-- Дамп данных таблицы `generationfirstmeasurements`
--

INSERT INTO `generationfirstmeasurements` (`GenerationFirstMeasurementId`, `Ltc`, `Lsh`, `Lh`, `Lsaz`, `GenerationFirstCheckPointId`, `f`, `ConstructionThickness`, `SpeechLevel`, `SAZ`) VALUES
(1, 88.9, 61.8, 23.5, 52.5, 1, 125, '30 мм', 0, 0),
(2, 95.8, 71.3, 24.4, 60.3, 1, 250, '30 мм', 0, 0),
(3, 96.4, 72.2, 27.3, 61.2, 1, 500, '30 мм', 0, 0),
(4, 95.3, 70.8, 28.1, 59.8, 1, 1000, '30 мм', 0, 0),
(5, 93.7, 68.2, 24.3, 58.4, 1, 2000, '30 мм', 0, 0),
(6, 95.3, 69.7, 31.5, 55.1, 1, 4000, '30 мм', 0, 0),
(7, 88.6, 61.9, 24.1, 51.8, 1, 8000, '30 мм', 0, 0),
(8, 84.9, 39.8, 21.2, 28.7, 4, 125, '300 мм', 0, 0),
(9, 89.8, 38.3, 23.1, 30.3, 4, 250, '300 мм', 0, 0),
(10, 96.8, 40.2, 26.8, 33.1, 4, 500, '300 мм', 0, 0),
(11, 96.5, 40.8, 25.1, 32.7, 4, 1000, '300 мм', 0, 0),
(12, 90.3, 37, 22.3, 29.4, 4, 2000, '300 мм', 0, 0),
(13, 91.4, 42.7, 20.5, 27.1, 4, 4000, '300 мм', 0, 0),
(14, 84.8, 36.9, 21.1, 28.8, 4, 8000, '300 мм', 0, 0),
(15, 81.9, 64.8, 21.2, 32.5, 3, 125, '31x31 см', 70, 1),
(16, 89.8, 75.3, 23.1, 40.3, 3, 250, '31x31 см', 70, 1),
(17, 92.1, 77.2, 25.6, 41.2, 3, 500, '31x31 см', 70, 1),
(18, 90.5, 75.8, 26.1, 39.8, 3, 1000, '31x31 см', 70, 1),
(19, 87.3, 72, 22.3, 38.4, 3, 2000, '31x31 см', 70, 1),
(20, 88.4, 73.7, 28.5, 35.1, 3, 4000, '31x31 см', 70, 1),
(21, 81.8, 66.9, 22.1, 31.8, 3, 8000, '31x31 см', 70, 1),
(22, 81.9, 43.8, 21.2, 32.5, 7, 125, '110 мм', 70, 1),
(23, 89.8, 50.3, 23.1, 40.3, 7, 250, '110 мм', 70, 1),
(24, 92.1, 45.2, 25.6, 41.2, 7, 500, '110 мм', 70, 1),
(25, 90.5, 42.8, 26.1, 39.8, 7, 1000, '110 мм', 70, 1),
(26, 87.3, 39.2, 22.3, 38.4, 7, 2000, '110 мм', 70, 1),
(27, 88.4, 39.7, 28.5, 35.1, 7, 4000, '110 мм', 70, 1),
(28, 81.8, 32.9, 22.1, 31.8, 7, 8000, '110 мм', 70, 1);

-- --------------------------------------------------------

--
-- Структура таблицы `intelligibilitynorms`
--

CREATE TABLE `intelligibilitynorms` (
  `IntelligibilityNormId` int(11) NOT NULL,
  `Channel` varchar(50) NOT NULL,
  `NormValue` double DEFAULT NULL
) ENGINE=InnoDB DEFAULT CHARSET=utf8mb4;

--
-- Дамп данных таблицы `intelligibilitynorms`
--

INSERT INTO `intelligibilitynorms` (`IntelligibilityNormId`, `Channel`, `NormValue`) VALUES
(1, 'акустический', 0.3),
(2, 'виброакустический', 0.3),
(3, 'непреднамеренное прослушивание', 0.5);

-- --------------------------------------------------------

--
-- Структура таблицы `measurements`
--

CREATE TABLE `measurements` (
  `MeasurementId` int(11) NOT NULL,
  `CheckPointId` int(11) NOT NULL,
  `f` int(11) NOT NULL,
  `Ltc` double NOT NULL,
  `Lsh` double NOT NULL,
  `Lh` double NOT NULL,
  `Lsaz` double NOT NULL,
  `Lc` double NOT NULL,
  `Qi` double NOT NULL,
  `Ln` double NOT NULL,
  `D` double NOT NULL,
  `E` double NOT NULL,
  `A` double NOT NULL,
  `q` double NOT NULL,
  `p` double NOT NULL,
  `k` double NOT NULL,
  `r` double NOT NULL,
  `LhOrLsazChange` double NOT NULL
) ENGINE=InnoDB DEFAULT CHARSET=utf8mb4;

--
-- Дамп данных таблицы `measurements`
--

INSERT INTO `measurements` (`MeasurementId`, `CheckPointId`, `f`, `Ltc`, `Lsh`, `Lh`, `Lsaz`, `Lc`, `Qi`, `Ln`, `D`, `E`, `A`, `q`, `p`, `k`, `r`, `LhOrLsazChange`) VALUES
(23, 11, 125, 81.9, 52.5, 39.3, 0, 52.29, 29.61, 67, 14.900000000000006, -1.91, 24.711799397629637, -26.62, 0.0135, 0.005, 0.0001, 0),
(24, 11, 250, 88.3, 60.9, 46.7, 0, 60.73, 27.57, 80, 8.299999999999997, 5.73, 18.24726119978534, -12.52, 0.1546, 0.0266, 0.0041, 0),
(25, 11, 500, 87.8, 62.1, 47.3, 0, 61.95, 25.85, 80, 7.799999999999997, 6.85, 13.448881535819496, -6.6, 0.2954, 0.1119, 0.033, 0),
(26, 11, 1000, 77.6, 49.5, 41.4, 0, 48.77, 28.83, 75, 2.5999999999999943, 4.77, 9.887227679827298, -5.12, 0.3384, 0.2141, 0.0725, 0),
(27, 11, 2000, 71.6, 46, 38.7, 0, 45.11, 26.49, 70, 1.5999999999999943, 4.81, 6.645811898352249, -1.84, 0.4416, 0.3074, 0.1358, 0),
(28, 11, 4000, 73.6, 40.6, 32.5, 0, 39.87, 33.73, 67, 6.599999999999994, 0.77, 4.640232316908502, -3.87, 0.3767, 0.2578, 0.0971, 0),
(29, 11, 8000, 70.9, 38.1, 29.8, 0, 37.4, 33.5, 63, 7.900000000000006, -0.3, 3.3970660919303914, -3.69, 0.3823, 0.0734, 0.0281, 0),
(226, 14, 125, 91.9, 33.8, 21.2, 32.5, 27.93, 58.35, 67, 24.900000000000006, -29.47, 24.711799397629637, -54.18, 0, 0.005, 0, 0),
(227, 14, 250, 99.8, 42.3, 23.1, 40.3, 37.97, 57.55, 80, 19.799999999999997, -22.13, 18.24726119978534, -40.38, 0.0003, 0.0266, 0, 0),
(228, 14, 500, 102.1, 43.2, 25.6, 41.2, 38.87, 58.98, 80, 22.099999999999994, -24.43, 13.448881535819496, -37.88, 0.0007, 0.1119, 0.0001, 0),
(229, 14, 1000, 100.5, 41.8, 26.1, 39.8, 37.47, 58.82, 75, 25.5, -27.83, 9.887227679827298, -37.72, 0.0007, 0.2141, 0.0002, 0),
(230, 14, 2000, 97.3, 39, 22.3, 38.4, 30.11, 58.39, 70, 27.299999999999997, -35.59, 6.645811898352249, -42.24, 0.0002, 0.3074, 0.0001, 0),
(231, 14, 4000, 98.4, 40.7, 28.5, 35.1, 39.3, 57.97, 67, 31.400000000000006, -27.2, 4.640232316908502, -31.84, 0.0038, 0.2578, 0.001, 0),
(232, 14, 8000, 91.8, 33.9, 22.1, 31.8, 29.74, 58.2, 63, 28.799999999999997, -30.86, 3.3970660919303914, -34.26, 0.002, 0.0734, 0.0001, 0),
(233, 1, 125, 83, 54.5, 41, 32.5, 54.29, 29.61, 53, 30, -3.91, 24.711799397629637, -28.62, 0.0085, 0.005, 0, 0),
(234, 1, 250, 90.3, 62.9, 48.7, 40.3, 62.73, 27.57, 66, 24.299999999999997, 3.73, 18.24726119978534, -14.52, 0.119, 0.0266, 0.0032, 0),
(235, 1, 500, 89.8, 64.1, 49.3, 41.2, 63.95, 25.85, 66, 23.799999999999997, 4.85, 13.448881535819496, -8.6, 0.242, 0.1119, 0.0271, 0),
(236, 1, 1000, 79.6, 51.5, 43.4, 39.8, 50.77, 28.83, 61, 18.599999999999994, 2.77, 9.887227679827298, -7.12, 0.2809, 0.2141, 0.0601, 0),
(237, 1, 2000, 73.6, 48, 40.7, 38.4, 47.11, 26.49, 56, 17.599999999999994, 2.81, 6.645811898352249, -3.84, 0.3777, 0.3074, 0.1161, 0),
(238, 1, 4000, 75.6, 42.6, 34.5, 35.1, 41.87, 33.73, 53, 22.599999999999994, -1.23, 4.640232316908502, -5.87, 0.3162, 0.2578, 0.0815, 0),
(239, 1, 8000, 72.9, 40.1, 31.8, 31.8, 39.4, 33.5, 49, 23.900000000000006, -2.3, 3.3970660919303914, -5.69, 0.3214, 0.0734, 0.0236, 0),
(268, 22, 125, 83.1, 57.8, 27.1, 0, 57.8, 25.3, 67, 16.099999999999994, 14.6, 24.711799397629637, -10.12, 0.2053, 0.005, 0.001, 0),
(269, 22, 250, 83.1, 57.8, 27.1, 0, 57.8, 25.3, 80, 3.0999999999999943, 27.6, 18.24726119978534, 9.35, 0.7767, 0.0266, 0.0206, 0),
(270, 22, 500, 84.7, 58.9, 22.4, 0, 58.9, 25.8, 80, 4.700000000000003, 31.8, 13.448881535819496, 18.35, 0.933, 0.1119, 0.1044, 0),
(271, 22, 1000, 88.6, 60.6, 17.4, 0, 60.6, 28, 75, 13.599999999999994, 29.6, 9.887227679827298, 19.71, 0.9467, 0.2141, 0.2027, 0),
(272, 22, 2000, 95.1, 67.6, 20.3, 0, 67.6, 27.5, 70, 25.099999999999994, 22.2, 6.645811898352249, 15.55, 0.8972, 0.3074, 0.2758, 0),
(273, 22, 4000, 96.7, 67.4, 22.9, 0, 67.4, 29.3, 67, 29.700000000000003, 14.8, 4.640232316908502, 10.16, 0.7957, 0.2578, 0.2051, 0),
(274, 22, 8000, 96.7, 67.4, 22.9, 0, 67.4, 29.3, 63, 33.7, 10.8, 3.3970660919303914, 7.4, 0.7269, 0.0734, 0.0533, 0),
(296, 41, 125, 92.4, 60.3, 16.6, 36.5, 60.28, 0, 67, 25.400000000000006, -1.62, 24.711799397629637, -26.33, 0.0144, 0.005, 0.0001, 36.5),
(297, 41, 250, 100.3, 70.8, 18.5, 54.2, 70.7, 0, 80, 20.299999999999997, -3.8, 18.24726119978534, -22.04, 0.0349, 0.0266, 0.0009, 54.2),
(298, 41, 500, 102.6, 72.7, 21, 56.2, 72.6, 0, 80, 22.599999999999994, -6.2, 13.448881535819496, -19.65, 0.0539, 0.1119, 0.006, 56.2),
(299, 41, 1000, 99.6, 69.6, 23.9, 56, 69.41, 0, 75, 24.599999999999994, -11.19, 9.887227679827298, -21.08, 0.0418, 0.2141, 0.009, 56),
(300, 41, 2000, 96.4, 65.8, 20.1, 53.2, 65.55, 0, 70, 26.400000000000006, -14.05, 6.645811898352249, -20.69, 0.0449, 0.3074, 0.0138, 53.2),
(301, 41, 4000, 97.5, 67.5, 26.3, 52.4, 67.36, 0, 67, 30.5, -15.54, 4.640232316908502, -20.18, 0.0492, 0.2578, 0.0127, 52.4),
(302, 41, 8000, 89.3, 59.6, 19.2, 50.3, 59.06, 0, 63, 26.299999999999997, -17.54, 3.3970660919303914, -20.94, 0.0429, 0.0734, 0.0031, 50.3),
(303, 47, 125, 89.8, 57.6, 19.3, 31.3, 57.59, 32.2, 67, 22.799999999999997, 3.49, 24.711799397629637, -21.22, 0.0407, 0.005, 0.0002, 0),
(304, 47, 250, 97.7, 68.1, 21.2, 39.1, 68.09, 29.6, 80, 17.700000000000003, 11.29, 18.24726119978534, -6.95, 0.2854, 0.0266, 0.0076, 0),
(305, 47, 500, 100, 70, 23.7, 40, 70, 30, 80, 20, 10, 13.448881535819496, -3.45, 0.3899, 0.1119, 0.0436, 0),
(306, 47, 1000, 98.4, 68.6, 24.2, 38.6, 68.6, 29.8, 75, 23.400000000000006, 6.6, 9.887227679827298, -3.29, 0.395, 0.2141, 0.0846, 0),
(307, 47, 2000, 95.2, 64.8, 20.4, 37.2, 64.79, 30.4, 70, 25.200000000000003, 2.39, 6.645811898352249, -4.25, 0.3648, 0.3074, 0.1122, 0),
(308, 47, 4000, 96.3, 66.5, 26.6, 33.9, 66.5, 29.8, 67, 29.299999999999997, 3.3, 4.640232316908502, -1.34, 0.4577, 0.2578, 0.118, 0),
(309, 47, 8000, 89.7, 59.7, 20.2, 30.6, 59.69, 30, 63, 26.700000000000003, 2.39, 3.3970660919303914, -1, 0.4687, 0.0734, 0.0344, 0),
(310, 50, 125, 98.3, 55.5, 19.4, 50.6, 53.8, 0, 67, 31.299999999999997, -28.1, 24.711799397629637, -52.81, 0, 0.005, 0, 0),
(311, 50, 250, 105.2, 65, 20.3, 58.4, 63.93, 0, 80, 25.200000000000003, -19.67, 18.24726119978534, -37.92, 0.0007, 0.0266, 0, 0),
(312, 50, 500, 105.8, 65.9, 23.2, 59.3, 64.83, 0, 80, 25.799999999999997, -20.27, 13.448881535819496, -33.72, 0.0023, 0.1119, 0.0003, 0),
(313, 50, 1000, 104.7, 64.5, 24, 57.9, 63.43, 0, 75, 29.700000000000003, -24.17, 9.887227679827298, -34.06, 0.0021, 0.2141, 0.0004, 0),
(314, 50, 2000, 104.6, 63.1, 21.6, 56.5, 62.03, 0, 70, 34.599999999999994, -29.07, 6.645811898352249, -35.72, 0.0013, 0.3074, 0.0004, 0),
(315, 50, 4000, 106.2, 64.6, 28.8, 53.2, 64.27, 0, 67, 39.2, -28.13, 4.640232316908502, -32.77, 0.003, 0.2578, 0.0008, 0),
(316, 50, 8000, 99.5, 56.8, 21.4, 49.9, 55.81, 0, 63, 36.5, -30.59, 3.3970660919303914, -33.99, 0.0021, 0.0734, 0.0002, 0),
(317, 51, 125, 83.7, 66.6, 19.2, 37.1, 66.6, 17.1, 53, 30.700000000000003, -1.2, 24.711799397629637, -25.92, 0.0158, 0.005, 0.0001, 37.1),
(318, 51, 250, 91.6, 77.1, 21.1, 54.8, 77.07, 14.5, 66, 25.599999999999994, -3.33, 18.24726119978534, -21.57, 0.0382, 0.0266, 0.001, 54.8),
(319, 51, 500, 93.9, 79, 23.6, 57.9, 78.97, 14.9, 66, 27.900000000000006, -6.83, 13.448881535819496, -20.28, 0.0483, 0.1119, 0.0054, 57.9),
(320, 51, 1000, 92.3, 77.6, 24.1, 56.8, 77.56, 14.7, 61, 31.299999999999997, -10.54, 9.887227679827298, -20.42, 0.0471, 0.2141, 0.0101, 56.8),
(321, 51, 2000, 89.1, 73.8, 20.3, 54, 73.75, 15.3, 56, 33.099999999999994, -13.35, 6.645811898352249, -19.99, 0.0508, 0.3074, 0.0156, 54),
(322, 51, 4000, 90.2, 75.5, 26.5, 54, 75.47, 14.7, 53, 37.2, -15.73, 4.640232316908502, -20.37, 0.0475, 0.2578, 0.0122, 54),
(323, 51, 8000, 83.6, 68.7, 20.1, 51.8, 68.61, 14.9, 49, 34.599999999999994, -17.79, 3.3970660919303914, -21.19, 0.041, 0.0734, 0.003, 51.8),
(324, 29, 125, 99.2, 51.4, 30.1, 0, 0, 0, 0, 0, 0, 0, 0, 0, 0, 0, 0),
(325, 29, 250, 99.1, 51.4, 30.1, 0, 0, 0, 0, 0, 0, 0, 0, 0, 0, 0, 0),
(326, 29, 500, 100.7, 52.7, 32.4, 0, 0, 0, 0, 0, 0, 0, 0, 0, 0, 0, 0),
(327, 29, 1000, 101.6, 50.1, 27.4, 0, 0, 0, 0, 0, 0, 0, 0, 0, 0, 0, 0),
(328, 29, 2000, 95.3, 49.4, 30.3, 0, 0, 0, 0, 0, 0, 0, 0, 0, 0, 0, 0),
(329, 29, 4000, 92.7, 48.7, 32.9, 0, 0, 0, 0, 0, 0, 0, 0, 0, 0, 0, 0),
(330, 29, 8000, 92.3, 48.7, 32.9, 0, 0, 0, 0, 0, 0, 0, 0, 0, 0, 0, 0),
(331, 55, 125, 92.2, 58.2, 16.7, 34.8, 58.18, 34, 67, 25.200000000000003, -1.82, 24.711799397629637, -26.53, 0.0138, 0.005, 0.0001, 34.8),
(332, 55, 250, 100.1, 68.7, 18.6, 52.5, 68.59, 31.4, 80, 20.099999999999994, -4.01, 18.24726119978534, -22.25, 0.0336, 0.0266, 0.0009, 52.5),
(333, 55, 500, 102.4, 70.6, 21.1, 53.7, 70.51, 31.8, 80, 22.400000000000006, -5.59, 13.448881535819496, -19.04, 0.0598, 0.1119, 0.0067, 53.7),
(334, 55, 1000, 100.8, 69.2, 21.6, 53.1, 69.09, 31.6, 75, 25.799999999999997, -9.81, 9.887227679827298, -19.7, 0.0535, 0.2141, 0.0114, 53.1),
(335, 55, 2000, 97.6, 65.4, 17.8, 49.5, 65.29, 32.2, 70, 27.599999999999994, -11.81, 6.645811898352249, -18.46, 0.0658, 0.3074, 0.0202, 49.5),
(336, 55, 4000, 98.7, 67.1, 24, 49.5, 67.02, 31.6, 67, 31.700000000000003, -14.18, 4.640232316908502, -18.82, 0.062, 0.2578, 0.016, 49.5),
(337, 55, 8000, 92.1, 60.3, 17.6, 47.3, 60.08, 31.8, 63, 29.099999999999994, -16.32, 3.3970660919303914, -19.72, 0.0532, 0.0734, 0.0039, 47.3),
(338, 56, 125, 91.8, 58.4, 16.9, 35.1, 58.38, 33.4, 67, 24.799999999999997, -1.52, 24.711799397629637, -26.23, 0.0148, 0.005, 0.0001, 35.1),
(339, 56, 250, 99.7, 68.9, 18.8, 52.8, 68.79, 30.8, 80, 19.700000000000003, -3.71, 18.24726119978534, -21.96, 0.0355, 0.0266, 0.0009, 52.8),
(340, 56, 500, 102, 70.8, 21.3, 54.8, 70.69, 31.2, 80, 22, -6.11, 13.448881535819496, -19.56, 0.0547, 0.1119, 0.0061, 54.8),
(341, 56, 1000, 100.4, 69.4, 21.8, 53.7, 69.28, 31, 75, 25.400000000000006, -9.82, 9.887227679827298, -19.71, 0.0534, 0.2141, 0.0114, 53.7),
(342, 56, 2000, 97.2, 65.6, 18, 49.8, 65.48, 31.6, 70, 27.200000000000003, -11.52, 6.645811898352249, -18.16, 0.0691, 0.3074, 0.0212, 49.8),
(343, 56, 4000, 98.3, 67.3, 24.2, 50.9, 67.2, 31, 67, 31.299999999999997, -15, 4.640232316908502, -19.64, 0.054, 0.2578, 0.0139, 50.9),
(344, 56, 8000, 91.7, 60.5, 17.8, 47.9, 60.25, 31.2, 63, 28.700000000000003, -16.35, 3.3970660919303914, -19.74, 0.053, 0.0734, 0.0039, 47.9),
(345, 68, 125, 90.5, 57.6, 17.6, 35.6, 57.57, 32.9, 67, 23.5, -1.53, 24.711799397629637, -26.24, 0.0147, 0.005, 0.0001, 35.6),
(346, 68, 250, 98.4, 68.1, 19.5, 53.3, 67.95, 30.3, 80, 18.400000000000006, -3.75, 18.24726119978534, -21.99, 0.0353, 0.0266, 0.0009, 53.3),
(347, 68, 500, 100.7, 70, 22, 54.5, 69.88, 30.7, 80, 20.700000000000003, -5.32, 13.448881535819496, -18.77, 0.0625, 0.1119, 0.007, 54.5),
(348, 68, 1000, 99.1, 68.6, 22.5, 53.9, 68.45, 30.5, 75, 24.099999999999994, -9.55, 9.887227679827298, -19.44, 0.0559, 0.2141, 0.012, 53.9),
(349, 68, 2000, 95.9, 64.8, 18.7, 50.3, 64.64, 31.1, 70, 25.900000000000006, -11.56, 6.645811898352249, -18.2, 0.0686, 0.3074, 0.0211, 50.3),
(350, 68, 4000, 97, 66.5, 24.9, 51.4, 66.36, 30.5, 67, 30, -15.04, 4.640232316908502, -19.68, 0.0536, 0.2578, 0.0138, 51.4),
(351, 68, 8000, 90.4, 59.7, 18.5, 48.4, 59.37, 30.7, 63, 27.400000000000006, -16.43, 3.3970660919303914, -19.83, 0.0522, 0.0734, 0.0038, 48.4),
(359, 69, 125, 93.4, 59.1, 18.3, 34.2, 59.09, 32, 67, 26.400000000000006, -1.51, 24.711799397629637, -26.23, 0.0148, 0.005, 0.0001, 0),
(360, 69, 250, 101.3, 69.6, 20.2, 51.9, 69.53, 29.4, 80, 21.299999999999997, -3.67, 18.24726119978534, -21.92, 0.0358, 0.0266, 0.001, 0),
(361, 69, 500, 103.6, 71.5, 22.7, 53.9, 71.42, 29.8, 80, 23.599999999999994, -6.08, 13.448881535819496, -19.53, 0.0551, 0.1119, 0.0062, 0),
(362, 69, 1000, 102, 70.1, 23.2, 52.8, 70.02, 29.6, 75, 27, -9.78, 9.887227679827298, -19.67, 0.0537, 0.2141, 0.0115, 0),
(363, 69, 2000, 98.8, 66.3, 19.4, 48.9, 66.22, 30.2, 70, 28.799999999999997, -11.48, 6.645811898352249, -18.13, 0.0695, 0.3074, 0.0214, 0),
(364, 69, 4000, 99.9, 68, 25.6, 50, 67.93, 29.6, 67, 32.900000000000006, -14.97, 4.640232316908502, -19.61, 0.0543, 0.2578, 0.014, 0),
(365, 69, 8000, 93.3, 61.2, 19.2, 47.8, 61, 29.8, 63, 30.299999999999997, -17.1, 3.3970660919303914, -20.5, 0.0464, 0.0734, 0.0034, 0),
(366, 70, 125, 90.4, 57.7, 18.3, 35.3, 57.67, 32.7, 67, 23.400000000000006, -1.03, 24.711799397629637, -25.74, 0.0165, 0.005, 0.0001, 35.3),
(367, 70, 250, 98.3, 68.2, 20.2, 53, 68.07, 30.1, 80, 18.299999999999997, -3.23, 18.24726119978534, -21.48, 0.0388, 0.0266, 0.001, 53),
(368, 70, 500, 100.6, 70.1, 22.7, 55, 69.96, 30.5, 80, 20.599999999999994, -5.64, 13.448881535819496, -19.09, 0.0593, 0.1119, 0.0066, 55),
(369, 70, 1000, 99, 68.7, 23.2, 53.9, 68.55, 30.3, 75, 24, -9.35, 9.887227679827298, -19.23, 0.0579, 0.2141, 0.0124, 53.9),
(370, 70, 2000, 95.8, 64.9, 19.4, 50, 64.76, 30.9, 70, 25.799999999999997, -11.04, 6.645811898352249, -17.69, 0.0745, 0.3074, 0.0229, 50),
(371, 70, 4000, 96.9, 66.6, 25.6, 51.1, 66.48, 30.3, 67, 29.900000000000006, -14.52, 4.640232316908502, -19.16, 0.0585, 0.2578, 0.0151, 51.1),
(372, 70, 8000, 90.3, 59.8, 19.2, 48.9, 59.43, 30.5, 63, 27.299999999999997, -16.77, 3.3970660919303914, -20.17, 0.0493, 0.0734, 0.0036, 48.9),
(373, 71, 125, 91.3, 60.1, 17.7, 37.4, 60.08, 31.2, 67, 24.299999999999997, -1.62, 24.711799397629637, -26.34, 0.0144, 0.005, 0.0001, 37.4),
(374, 71, 250, 99.2, 70.6, 19.6, 55.1, 70.48, 28.6, 80, 19.200000000000003, -3.82, 18.24726119978534, -22.07, 0.0348, 0.0266, 0.0009, 55.1),
(375, 71, 500, 101.5, 72.5, 22.1, 56.3, 72.39, 29, 80, 21.5, -5.41, 13.448881535819496, -18.85, 0.0617, 0.1119, 0.0069, 56.3),
(376, 71, 1000, 99.9, 71.1, 22.6, 55.7, 70.97, 28.8, 75, 24.900000000000006, -9.63, 9.887227679827298, -19.51, 0.0552, 0.2141, 0.0118, 55.7),
(377, 71, 2000, 96.7, 67.3, 18.8, 52.1, 67.17, 29.4, 70, 26.700000000000003, -11.63, 6.645811898352249, -18.28, 0.0678, 0.3074, 0.0208, 52.1),
(378, 71, 4000, 97.8, 69, 25, 53.2, 68.88, 28.8, 67, 30.799999999999997, -15.12, 4.640232316908502, -19.76, 0.0529, 0.2578, 0.0136, 53.2),
(379, 71, 8000, 91.2, 62.2, 18.6, 50.2, 61.92, 29, 63, 28.200000000000003, -16.48, 3.3970660919303914, -19.88, 0.0518, 0.0734, 0.0038, 50.2);

-- --------------------------------------------------------

--
-- Структура таблицы `normalizedsoundlevels`
--

CREATE TABLE `normalizedsoundlevels` (
  `NormalizedSoundLevelId` int(11) NOT NULL,
  `SpeechLevel` int(11) NOT NULL,
  `f` int(11) NOT NULL,
  `NormValue` double NOT NULL
) ENGINE=InnoDB DEFAULT CHARSET=utf8mb4;

--
-- Дамп данных таблицы `normalizedsoundlevels`
--

INSERT INTO `normalizedsoundlevels` (`NormalizedSoundLevelId`, `SpeechLevel`, `f`, `NormValue`) VALUES
(1, 70, 125, 53),
(2, 70, 250, 66),
(3, 70, 500, 66),
(4, 70, 1000, 61),
(5, 70, 2000, 56),
(6, 70, 4000, 53),
(7, 70, 8000, 49),
(8, 84, 125, 67),
(9, 84, 250, 80),
(10, 84, 500, 80),
(11, 84, 1000, 75),
(12, 84, 2000, 70),
(13, 84, 4000, 67),
(14, 84, 8000, 63);

-- --------------------------------------------------------

--
-- Структура таблицы `signalnoisenormvalues`
--

CREATE TABLE `signalnoisenormvalues` (
  `SignalNoiseNormValueId` int(11) NOT NULL,
  `NormValue` double NOT NULL
) ENGINE=InnoDB DEFAULT CHARSET=utf8mb4;

--
-- Дамп данных таблицы `signalnoisenormvalues`
--

INSERT INTO `signalnoisenormvalues` (`SignalNoiseNormValueId`, `NormValue`) VALUES
(125, -1),
(250, -3),
(500, -5),
(1000, -9),
(2000, -11),
(4000, -14),
(8000, -16);

-- --------------------------------------------------------

--
-- Структура таблицы `sproofingnorms`
--

CREATE TABLE `sproofingnorms` (
  `SproofingNormId` int(11) NOT NULL,
  `SZY` tinyint(1) NOT NULL,
  `Conditions` varchar(100) NOT NULL,
  `NormValue` double NOT NULL
) ENGINE=InnoDB DEFAULT CHARSET=utf8mb4;

--
-- Дамп данных таблицы `sproofingnorms`
--

INSERT INTO `sproofingnorms` (`SproofingNormId`, `SZY`, `Conditions`, `NormValue`) VALUES
(1, 0, 'Смежные помещения', 43.4),
(2, 1, 'Смежные помещения', 57.4),
(3, 0, 'Улица без транспорта', 36),
(4, 1, 'Улица без транспорта', 50),
(5, 0, 'Улица с транспортом', 26),
(6, 1, 'Улица с транспортом', 40);

-- --------------------------------------------------------

--
-- Структура таблицы `users`
--

CREATE TABLE `users` (
  `UserName` varchar(30) NOT NULL,
  `Password` varchar(60) NOT NULL,
  `AdminPanel` tinyint(1) NOT NULL,
  `UserID` int(11) NOT NULL,
  `Surname` varchar(50) NOT NULL,
  `Name` varchar(50) NOT NULL,
  `Patronymic` varchar(50) NOT NULL,
  `StudyGroup` varchar(50) NOT NULL
) ENGINE=InnoDB DEFAULT CHARSET=utf8mb4;

--
-- Дамп данных таблицы `users`
--

INSERT INTO `users` (`UserName`, `Password`, `AdminPanel`, `UserID`, `Surname`, `Name`, `Patronymic`, `StudyGroup`) VALUES
('admin', '3XEhFPsoNBfeTaNRLhdIatvaAEBg0NFkZQjIonQNKbQ=', 1, 1, 'Барабаш', 'Дмитрий', 'Михайлович', '25К'),
('ivanovii12', 'XNLTkwuc/VbxLQNCdOeJwCn30sUicSdn9bWfpWhWr4w=', 0, 2, 'Иванов', 'Иван', 'Иванович', '23К'),
('krasii', '8Ogzp9HbNwJtEbSjTT7qn+BwkdjJVs1OtKem+SC9dPc=', 0, 3, 'Красильников', 'Игорь', 'Иванович', '21К'),
('prohor123', 'm95W7efQmtH6wpWwih1N2rkMHgxR3yILB+jQH5qPHMU=', 0, 4, 'Прохорец', 'Владислав', 'Владимирович', '240'),
('sidorov123', 'hiIiLVs7pa9xz9Gtz9fHKAox2CfyM5cjw9RxkO/WtV8=', 0, 5, 'Сидоров', 'Иван', 'Николаевич', '230'),
('makar123', '3sZzCEnUeu/8yC0M28W/uzhCt3kumRPeLeOtTLyyUlk=', 0, 6, 'Макаренко', 'Владислав', 'Михайлович', '22К');

-- --------------------------------------------------------

--
-- Структура таблицы `verificationvalues`
--

CREATE TABLE `verificationvalues` (
  `VerificationValueID` int(11) NOT NULL,
  `DeviceID` int(11) NOT NULL,
  `f` int(11) NOT NULL,
  `ValueVerificationValue` double NOT NULL
) ENGINE=InnoDB DEFAULT CHARSET=utf8mb4;

--
-- Дамп данных таблицы `verificationvalues`
--

INSERT INTO `verificationvalues` (`VerificationValueID`, `DeviceID`, `f`, `ValueVerificationValue`) VALUES
(1, 1, 125, 25.12),
(2, 1, 250, 24.83),
(3, 1, 500, 24.27),
(4, 1, 1000, 23.99),
(5, 1, 2000, 21.88),
(6, 1, 4000, 22.39),
(7, 1, 8000, 23.71),
(8, 2, 125, -34.7),
(9, 2, 250, -33.4),
(10, 2, 500, -35.2),
(11, 2, 1000, -31.7),
(12, 2, 2000, -34.8),
(13, 2, 4000, -34.1),
(14, 2, 8000, -32.1);

--
-- Индексы сохранённых таблиц
--

--
-- Индексы таблицы `checkpoints`
--
ALTER TABLE `checkpoints`
  ADD PRIMARY KEY (`CheckPointId`),
  ADD KEY `UserID` (`UserID`);

--
-- Индексы таблицы `generationfirstcheckpoints`
--
ALTER TABLE `generationfirstcheckpoints`
  ADD PRIMARY KEY (`GenerationFirstCheckPointId`);

--
-- Индексы таблицы `generationfirstmeasurements`
--
ALTER TABLE `generationfirstmeasurements`
  ADD PRIMARY KEY (`GenerationFirstMeasurementId`),
  ADD KEY `GFCheckPointId` (`GenerationFirstCheckPointId`);

--
-- Индексы таблицы `intelligibilitynorms`
--
ALTER TABLE `intelligibilitynorms`
  ADD PRIMARY KEY (`IntelligibilityNormId`);

--
-- Индексы таблицы `measurements`
--
ALTER TABLE `measurements`
  ADD PRIMARY KEY (`MeasurementId`),
  ADD KEY `CheckPointId` (`CheckPointId`);

--
-- Индексы таблицы `normalizedsoundlevels`
--
ALTER TABLE `normalizedsoundlevels`
  ADD PRIMARY KEY (`NormalizedSoundLevelId`);

--
-- Индексы таблицы `signalnoisenormvalues`
--
ALTER TABLE `signalnoisenormvalues`
  ADD PRIMARY KEY (`SignalNoiseNormValueId`);

--
-- Индексы таблицы `sproofingnorms`
--
ALTER TABLE `sproofingnorms`
  ADD PRIMARY KEY (`SproofingNormId`);

--
-- Индексы таблицы `users`
--
ALTER TABLE `users`
  ADD PRIMARY KEY (`UserID`),
  ADD UNIQUE KEY `UserName` (`UserName`);

--
-- Индексы таблицы `verificationvalues`
--
ALTER TABLE `verificationvalues`
  ADD PRIMARY KEY (`VerificationValueID`);

--
-- AUTO_INCREMENT для сохранённых таблиц
--

--
-- AUTO_INCREMENT для таблицы `checkpoints`
--
ALTER TABLE `checkpoints`
  MODIFY `CheckPointId` int(11) NOT NULL AUTO_INCREMENT, AUTO_INCREMENT=72;

--
-- AUTO_INCREMENT для таблицы `measurements`
--
ALTER TABLE `measurements`
  MODIFY `MeasurementId` int(11) NOT NULL AUTO_INCREMENT, AUTO_INCREMENT=380;

--
-- AUTO_INCREMENT для таблицы `users`
--
ALTER TABLE `users`
  MODIFY `UserID` int(11) NOT NULL AUTO_INCREMENT, AUTO_INCREMENT=31;

--
-- Ограничения внешнего ключа сохраненных таблиц
--

--
-- Ограничения внешнего ключа таблицы `checkpoints`
--
ALTER TABLE `checkpoints`
  ADD CONSTRAINT `checkpoints_ibfk_1` FOREIGN KEY (`UserID`) REFERENCES `users` (`UserID`);

--
-- Ограничения внешнего ключа таблицы `generationfirstmeasurements`
--
ALTER TABLE `generationfirstmeasurements`
  ADD CONSTRAINT `generationfirstmeasurements_ibfk_1` FOREIGN KEY (`GenerationFirstCheckPointId`) REFERENCES `generationfirstcheckpoints` (`GenerationFirstCheckPointId`);

--
-- Ограничения внешнего ключа таблицы `measurements`
--
ALTER TABLE `measurements`
  ADD CONSTRAINT `measurements_ibfk_1` FOREIGN KEY (`CheckPointId`) REFERENCES `checkpoints` (`CheckPointId`);
COMMIT;

/*!40101 SET CHARACTER_SET_CLIENT=@OLD_CHARACTER_SET_CLIENT */;
/*!40101 SET CHARACTER_SET_RESULTS=@OLD_CHARACTER_SET_RESULTS */;
/*!40101 SET COLLATION_CONNECTION=@OLD_COLLATION_CONNECTION */;
